product_line,sales,cogs,gross_income,quantity,lucro_acumulado,percentual_acumulado,classe_abc,diagnostico
Food and beverages,56144.844,53471.28,2673.564,952,2673.564,0.17384094236896194,A,Priorizar
Sports and travel,55122.8265,52497.93,2624.8965,920,5298.460499999999,0.3445174181073358,A,Priorizar
Electronic accessories,54337.5315,51750.03,2587.5015,971,7885.9619999999995,0.512762389666312,A,Priorizar
Fashion accessories,54305.895,51719.9,2585.995,902,10471.956999999999,0.6809094053208554,A,Priorizar
Home and lifestyle,53861.913,51297.06,2564.853,911,13036.809999999998,0.8476817221824899,B,Otimizar
Health and beauty,49193.739,46851.18,2342.559,854,15379.368999999999,1.0,C,Revisar
